name,mp2631gs,mp2adz
001SER-004ASP-2,4.60365697006,1.37809
002ASN-022GLU-1,5.10048891216,1.9056
003GLU-006GLN-2,2.68501355831,2.42573
009LEU-013GLU-1,4.22376793283,2.09657
010ARG-039ASP-1,5.85066918403,1.78312
010LYS-014ASP-1,4.91322506032,2.14535
013GLU-052ILE-1,2.21147771159,1.10927
017ASP-020THR-1,4.54414909299,2.02426
018ALA-026GLU-1,1.45194243559,1.06894
022GLN-058GLU-1,3.23061924325,1.60746
023ASP-027ARG-1,6.03763621577,2.5202
023SER-026GLU-1,5.43504890805,2.17263
028MET-031ASP-1,4.61719023354,1.60127
028VAL-085GLU-1,6.2001069124,3.17378
032ILE-036GLU-1,0.837479642535,1.31306
034ALA-152GLU-1,2.5141291982,1.09862
034LYS-068GLU-1,5.82942339715,1.96471
035ASN-172GLU-1,4.33158102599,1.36512
036ASP-042GLY-1,1.95666459292,1.41053
036GLU-039ARG-1,7.54990421897,2.84017
038TRP-067GLU-1,9.63458210189,3.99072
039SER-067GLU-1,6.97811162085,2.48783
040LYS-044ASP-1,1.88888026796,1.25786
041ALA-081GLU-1,0.654715980576,0.884511
042GLU-122MET-1,7.16096568307,2.7455
042PHE-088ASP-1,3.12141241785,2.60588
042SER-062ASP-1,4.30936538381,1.04701
046ARG-050ASP-2,5.09606179387,1.78747
049SER-053GLU-1,3.38954100029,1.85139
050ASP-053THR-1,6.85009380023,2.82364
050ASP-092TYR-1,5.7742248718,2.05268
058THR-062GLU-1,4.02340096202,2.06152
062ASP-067GLY-1,6.41484185341,3.52833
066ASP-069ARG-2,5.55881562238,2.06065
067LYS-071GLU-2,2.27314243696,1.67628
069ASN-072ASP-1,6.35769392683,2.2924
069ILE-073GLU-1,1.98105562253,1.21763
069PHE-078GLU-1,5.184214908,2.34542
071LYS-195ASP-1,2.93796215206,1.77199
071TRP-078GLU-1,3.14702152414,2.37444
076GLY-079ASP-1,4.84532723084,2.42024
077PHE-080ASP-2,4.92871543398,1.90872
081GLU-103GLN-2,4.11853372631,1.5924
086ASP-091ILE-1,4.19341745406,1.95558
090GLU-119ARG-1,5.62456432005,1.68506
096GLU-121LYS-1,3.69828058865,1.7413
096SER-099GLU-2,5.8617227218,2.21699
099ARG-177ASP-1,6.07798166286,2.13526
102SER-169ASP-1,5.77546810596,1.63996
103GLU-108TRP-1,5.15710999063,2.02226
103GLU-177ASP-1,9.13777355397,1.68221
106ASP-133GLN-1,4.3734734701,1.5262
106GLU-129LYS-1,4.31106138859,1.64391
110GLU-129LYS-1,4.00383504728,1.81067
114SER-118ASP-1,5.34572232061,2.2023
122MET-126GLU-1,3.33343720039,2.19967
130ARG-134ASP-1,2.30907130227,1.39031
131PRO-220GLU-1,2.35821288547,1.57292
153ASP-200ARG-1,6.51292835334,2.14151
165LYS-169ASP-1,4.12488566502,1.31583
186TYR-273GLU-1,4.06827693028,1.3225
221GLU-226LYS-1,2.78485205192,1.59002
221GLU-265GLU-1,2.45735798873,0.560022
