name,mp2631gs,mp2adz
001GLY-041TYR-1,2.06667145138,2.29059
002GLY-046ARG-1,2.8358608552,2.11141
006ARG-089VAL-1,2.39754665,1.80431
006ARG-090TYR-1,1.62497683991,2.95869
006PHE-018ARG-1,2.2284685399,4.05147
006SER-028LYS-1,2.36327140559,1.52233
007SER-010ARG-1,1.79238744296,2.98786
007SER-010ARG-2,2.30056696117,1.17968
011TYR-018ARG-1,2.41100021415,3.90684
012LEU-029LYS-1,1.99723333923,1.54909
019ARG-027ARG-1,2.3422776202,3.98564
023GLY-040LYS-1,2.02497902589,1.56086
025ASN-040LYS-1,2.35602406934,1.77938
029ASN-034LYS-1,1.28310150709,2.41579
031ALA-034LYS-1,2.39445652205,1.71713
031ASP-037ARG-2,2.42701675882,1.75418
034ARG-060TYR-1,3.13886781144,2.62377
041VAL-064LYS-2,1.91882122782,1.58394
049ARG-167GLN-1,1.96949476225,1.5465
057LYS-088TYR-1,2.28310767514,1.82957
071LYS-189PRO-1,2.25361320327,1.27188
073ARG-076LEU-1,1.21052557564,1.70087
085TRP-135LYS-2,1.69790883023,3.07309
089ARG-131VAL-2,1.65962962159,1.31036
089ARG-132ARG-1,3.32973548422,2.50423
090ARG-187SER-1,2.38946268372,2.12387
095LYS-109THR-1,1.38360345759,0.661806
101ARG-142LEU-1,1.02609710429,1.4345
102SER-165LYS-1,2.37261857777,1.31933
107GLU-110ARG-1,1.52734032571,2.84732
111VAL-121LYS-1,1.78618664679,1.16317
112ARG-115ALA-1,1.04183957796,1.60904
115GLN-118ARG-1,1.49395150859,2.87849
116LYS-144SER-2,1.90817142207,1.15657
118ARG-185ARG-1,1.98721448099,2.93098
129TYR-133ARG-2,3.30626953209,2.20087
130ARG-166PRO-1,3.49201268268,2.2706
130ARG-243LEU-1,1.50675043863,1.09812
137ARG-169ASN-1,3.53664423415,2.30999
150ARG-208ILE-1,0.786324841665,1.52968
168ASP-210LYS-1,2.40361878855,2.33932
206ALA-243LYS-1,2.07420300295,2.88084
208ILE-243LYS-1,1.27228419712,0.834839
210LYS-243LYS-1,1.9594128707,1.31592
